label_raw,y,issuer,company_name,cik,accession,form,report_date,filed_date,fiscal_year,path,flags_raw,regime,trust_score,eligible_solvency,n_fields,mid_00,mid_01,mid_02,mid_03,mid_04,mid_05,mid_06,mid_07,mid_08,mid_09,mid_10,mid_11,mid_12,mid_13,mid_14,mid_15,mid_16,mid_17,mid_18,mid_19,mid_20,mid_21,mid_22,mid_23,mid_24,mid_25,mid_26,mid_27,mid_28,mid_29,mid_30,mid_31,flag__SGML_Primary_SEQ1,flag__MissingH,flag__LabelFallback_Tight,flag__InlineXBRL,flag__HProxyIsCashOnly,flag__SANITY_FAIL_BS_MISMATCH,flag__SALVAGE_DerivedE_AminusL,flag__HTMLTables_Targeted,flag__SGML_Primary_HTMLFallback,flag__HTML:Pi_Net_Income,flag__HTML:R_Total_Revenue,flag__HTML:Marketable_Securities,flag__HTML:Operating_Income,flag__HTML:E_Total_Equity,flag__HTML:Cash_CashEquiv,flag__DerivedL_AminusE,flag__PlainXBRL,flag__DerivedE_AminusL,flag__HTML:A_Total_Assets,flag__HTML:L_Total_Liabilities,flag__DerivedL_SumCurrentNoncurrent,flag__SANITY_DROP_OperatingIncome_OutOfRange,flag__SGML_NoMatchingType,float_tail_0,float_tail_1,split_date,growth_ops_model__proba_risky,growth_ops_model__pred_risky
healthy,0,Cisco,"CISCO SYSTEMS, INC.",0000858877,0000858877-24-000017,10-K,2024-07-27,2024-07-27,2024.0,healthy/Cisco/0000858877-24-000017.txt,SGML_Primary_SEQ1;InlineXBRL,D,0.9,True,30,124413000000.0,78956000000.0,45800000000.0,39253000000.0,10320000000.0,12181000000.0,8842000000.0,10346000000.0,19188000000.0,124413000000.0,28933000000.0,-343000000.0,0.15422825588965783,0.36812873252795125,0.05,0.08,,,,,,,,,,,,,,,,,1,0,0,1,0,0,0,0,0,0,0,0,0,0,0,0,0,0,0,0,0,0,0,,,2024-07-27,7.358390665386681e-08,0
healthy,0,Micron Technology,MICRON TECHNOLOGY INC,0000723125,0000723125-24-000027,10-K,2024-08-29,2024-08-29,2024.0,healthy/Micron Technology/0000723125-24-000027.txt,SGML_Primary_SEQ1;InlineXBRL;HProxyIsCashOnly,D,0.9,True,30,69416000000.0,24285000000.0,45131000000.0,25111000000.0,778000000.0,1304000000.0,8212000000.0,,8212000000.0,69416000000.0,24333000000.0,0.0,0.11830125619453728,0.6501527025469632,0.05,0.08,,,,,,,,,,,,,,,,,1,0,0,1,1,0,0,0,0,0,0,0,0,0,0,0,0,0,0,0,0,0,0,,,2024-08-29,0.001912777400008259,0
healthy,0,Apple,Apple Inc.,0000320193,0000320193-24-000123,10-K,2024-09-28,2024-09-28,2024.0,healthy/Apple/0000320193-24-000123.txt,SGML_Primary_SEQ1;InlineXBRL,D,0.9,True,30,364980000000.0,308030000000.0,83276000000.0,294866000000.0,93736000000.0,123216000000.0,29943000000.0,35228000000.0,65171000000.0,364980000000.0,201130000000.0,-26326000000.0,0.17856046906679818,0.22816592690010412,0.05,0.08,,,,,,,,,,,,,,,,,1,0,0,1,0,0,0,0,0,0,0,0,0,0,0,0,0,0,0,0,0,0,0,,,2024-09-28,2.7904280756013357e-05,0
healthy,0,QualComm,QUALCOMM INC/DE,0000804328,0000804328-24-000075,10-K,2024-09-29,2024-09-29,2024.0,healthy/QualComm/0000804328-24-000075.txt,SGML_Primary_SEQ1;InlineXBRL,D,0.9,True,30,55154000000.0,28880000000.0,26274000000.0,38962000000.0,10142000000.0,10071000000.0,7849000000.0,5451000000.0,13300000000.0,55154000000.0,28820000000.0,0.0,0.24114298147006563,0.4763752402364289,0.05,0.08,,,,,,,,,,,,,,,,,1,0,0,1,0,0,0,0,0,0,0,0,0,0,0,0,0,0,0,0,0,0,0,,,2024-09-29,4.867333623932485e-07,0
healthy,0,IBM,INTERNATIONAL BUSINESS MACHINES CORP,0000051143,0000051143-24-000049,10-Q,2024-09-30,2024-09-30,2024.0,healthy/IBM/0000051143-24-000049.txt,SGML_Primary_SEQ1;InlineXBRL;HProxyIsCashOnly;SANITY_FAIL_BS_MISMATCH;SALVAGE_DerivedE_AminusL,C,0.324,False,30,134339000000.0,109809000000.0,24530000000.0,7453000000.0,330000000.0,802000000.0,13214000000.0,,13214000000.0,134339000000.0,7123000000.0,0.0,0.09836309634581171,0.18259775642218568,0.05,0.08,,,,,,,,,,,,,,,,,1,0,0,1,1,1,1,0,0,0,0,0,0,0,0,0,0,0,0,0,0,0,0,,,2024-09-30,9.918938747186902e-05,0
healthy,0,Adobe,ADOBE INC.,0000796343,0000796343-25-000004,10-K,2024-11-29,2024-11-29,2024.0,healthy/Adobe/0000796343-25-000004.txt,SGML_Primary_SEQ1;InlineXBRL;SANITY_FAIL_BS_MISMATCH;SALVAGE_DerivedE_AminusL,C,0.324,False,30,30230000000.0,16125000000.0,14105000000.0,20521000000.0,5560000000.0,6741000000.0,7613000000.0,273000000.0,7886000000.0,30230000000.0,14961000000.0,0.0,0.2608666887198148,0.46658948064836253,0.05,0.08,,,,,,,,,,,,,,,,,1,0,0,1,0,1,1,0,0,0,0,0,0,0,0,0,0,0,0,0,0,0,0,,,2024-11-29,0.23246964598616998,0
healthy,0,AMD,ADVANCED MICRO DEVICES INC,0000002488,0000002488-25-000012,10-K,2024-12-28,2024-12-28,2024.0,healthy/AMD/0000002488-25-000012.txt,SGML_Primary_SEQ1;InlineXBRL;DerivedL_AminusE,C,0.459,False,30,69226000000.0,7864000000.0,61362000000.0,25785000000.0,1641000000.0,1900000000.0,3811000000.0,1345000000.0,5156000000.0,69226000000.0,24144000000.0,0.0,0.07448068644728859,0.8864010631843527,0.05,0.08,,,,,,,,,,,,,,,,,1,0,0,1,0,0,0,0,0,0,0,0,0,0,0,1,0,0,0,0,0,0,0,,,2024-12-28,3.4349942942087034e-06,0
risky,1,Roku,"ROKU, INC",0001428439,0001428439-25-000013,10-K,2024-12-31,2024-12-31,2024.0,risky/Roku/0001428439-25-000013.txt,SGML_Primary_SEQ1;InlineXBRL;HProxyIsCashOnly;SANITY_FAIL_BS_MISMATCH;SALVAGE_DerivedE_AminusL,C,0.324,False,30,4303933000.0,1811196000.0,2492737000.0,3522776000.0,129386000.0,218167000.0,2160639000.0,,2160639000.0,4303933000.0,3393390000.0,0.0,0.5020150174270835,0.5791765345789537,0.05,0.08,,,,,,,,,,,,,,,,,1,0,0,1,1,1,1,0,0,0,0,0,0,0,0,0,0,0,0,0,0,0,0,,,2024-12-31,0.9999936679683367,1
risky,1,Twilio,TWILIO INC,0001447669,0001447669-25-000035,10-K,2024-12-31,2024-12-31,2024.0,risky/Twilio/0001447669-25-000035.txt,SGML_Primary_SEQ1;InlineXBRL;HProxyIsCashOnly;SANITY_FAIL_BS_MISMATCH;SALVAGE_DerivedE_AminusL,C,0.324,False,30,9865472000.0,1912506000.0,7952966000.0,4458036000.0,109403000.0,53708000.0,431437000.0,,431437000.0,9865472000.0,4348633000.0,0.0,0.04373201809300153,0.806141459830812,0.05,0.08,,,,,,,,,,,,,,,,,1,0,0,1,1,1,1,0,0,0,0,0,0,0,0,0,0,0,0,0,0,0,0,,,2024-12-31,0.9766606559451092,1
risky,1,Uber,"Uber Technologies, Inc",0001543151,0001543151-25-000008,10-K,2024-12-31,2024-12-31,2024.0,risky/Uber/0001543151-25-000008.txt,SGML_Primary_SEQ1;InlineXBRL;SANITY_FAIL_BS_MISMATCH;SALVAGE_DerivedE_AminusL,C,0.324,False,30,51244000000.0,28768000000.0,22476000000.0,43978000000.0,9856000000.0,2799000000.0,8610000000.0,1084000000.0,9694000000.0,51244000000.0,34122000000.0,0.0,0.18917336663804543,0.4386074467254703,0.05,0.08,,,,,,,,,,,,,,,,,1,0,0,1,0,1,1,0,0,0,0,0,0,0,0,0,0,0,0,0,0,0,0,,,2024-12-31,0.07793079678143143,0
risky,1,Zillow,"ZILLOW GROUP, INC.",0001617640,0001617640-25-000016,10-K,2024-12-31,2024-12-31,2024.0,risky/Zillow/0001617640-25-000016.txt,SGML_Primary_SEQ1;InlineXBRL;HProxyIsCashOnly;SANITY_FAIL_BS_MISMATCH;SALVAGE_DerivedE_AminusL,C,0.324,False,30,5829000000.0,981000000.0,4848000000.0,1594000000.0,112000000.0,197000000.0,1085000000.0,,1085000000.0,5829000000.0,1482000000.0,0.0,0.18613827414650883,0.8317035512094699,0.05,0.08,,,,,,,,,,,,,,,,,1,0,0,1,1,1,1,0,0,0,0,0,0,0,0,0,0,0,0,0,0,0,0,,,2024-12-31,0.999974259610004,1
risky,1,Snapchat,Snap Inc,0001564408,0001564408-25-000019,10-K,2024-12-31,2024-12-31,2024.0,risky/Snapchat/0001564408-25-000019.txt,SGML_Primary_SEQ1;InlineXBRL;SANITY_FAIL_BS_MISMATCH;SALVAGE_DerivedE_AminusL,C,0.324,False,30,7936348000.0,5485587000.0,2450761000.0,5361398000.0,697856000.0,787294000.0,1050234000.0,2329745000.0,3379979000.0,7936348000.0,4663542000.0,0.0,0.4258859364533914,0.3088021089801002,0.05,0.08,,,,,,,,,,,,,,,,,1,0,0,1,0,1,1,0,0,0,0,0,0,0,0,0,0,0,0,0,0,0,0,,,2024-12-31,0.9998885792501386,1
healthy,0,Microsoft,MICROSOFT CORP,0000789019,0000950170-25-010491,10-Q,2024-12-31,2024-12-31,2024.0,healthy/Microsoft/0000950170-25-010491.txt,SGML_Primary_SEQ1;InlineXBRL,D,0.9,True,30,533898000000.0,231203000000.0,302695000000.0,16219000000.0,24108000000.0,31653000000.0,17482000000.0,54073000000.0,71555000000.0,533898000000.0,-7889000000.0,0.0,0.13402372737863788,0.5669528636556046,0.05,0.08,,,,,,,,,,,,,,,,,1,0,0,1,0,0,0,0,0,0,0,0,0,0,0,0,0,0,0,0,0,0,0,,,2024-12-31,1.2523829791135933e-05,0
risky,1,Block,"Block, Inc.",0001512673,0001628280-25-007376,10-K,2024-12-31,2024-12-31,2024.0,risky/Block/0001628280-25-007376.txt,SGML_Primary_SEQ1;InlineXBRL;HProxyIsCashOnly,D,0.9,True,30,36777595000.0,15542633000.0,21267932000.0,6613680000.0,2897047000.0,892327000.0,13230512000.0,,13230512000.0,36777595000.0,3716633000.0,-32970000.0,0.3597438059775252,0.5782850129270279,0.05,0.08,,,,,,,,,,,,,,,,,1,0,0,1,1,0,0,0,0,0,0,0,0,0,0,0,0,0,0,0,0,0,0,,,2024-12-31,0.999118297133602,1
healthy,0,Texas Instruments,TEXAS INSTRUMENTS INC,0000097476,0000097476-25-000007,10-K,2024-12-31,2024-12-31,2024.0,healthy/Texas Instruments/0000097476-25-000007.txt,SGML_Primary_SEQ1;InlineXBRL;SANITY_FAIL_BS_MISMATCH;SALVAGE_DerivedE_AminusL,C,0.324,False,30,35509000000.0,18606000000.0,16903000000.0,15641000000.0,4799000000.0,5465000000.0,3200000000.0,8212000000.0,11412000000.0,35509000000.0,10842000000.0,0.0,0.32138331127319836,0.47602016390210933,0.05,0.08,,,,,,,,,,,,,,,,,1,0,0,1,0,1,1,0,0,0,0,0,0,0,0,0,0,0,0,0,0,0,0,,,2024-12-31,0.00027746762605670294,0
risky,1,Cloudflare,"Cloudflare, Inc.",0001477333,0001477333-25-000043,10-K,2024-12-31,2024-12-31,2024.0,risky/Cloudflare/0001477333-25-000043.txt,SGML_Primary_SEQ1;InlineXBRL;HProxyIsCashOnly;SANITY_FAIL_BS_MISMATCH;SALVAGE_DerivedE_AminusL,C,0.324,False,30,3301162000.0,2254961000.0,1046201000.0,1669626000.0,78800000.0,154761000.0,154214000.0,,154214000.0,3301162000.0,1590826000.0,0.0,0.04671506578592629,0.31691901215390217,0.05,0.08,,,,,,,,,,,,,,,,,1,0,0,1,1,1,1,0,0,0,0,0,0,0,0,0,0,0,0,0,0,0,0,,,2024-12-31,0.9999634847711895,1
risky,1,Datadog,"Datadog, Inc.",0001561550,0001561550-25-000025,10-K,2024-12-31,2024-12-31,2024.0,risky/Datadog/0001561550-25-000025.txt,SGML_Primary_SEQ1;InlineXBRL;HProxyIsCashOnly,D,0.9,True,30,5785339000.0,3070976000.0,2714363000.0,2684275000.0,183746000.0,54284000.0,1246983000.0,,1246983000.0,5785339000.0,2500529000.0,0.0,0.21554190687874988,0.4691795934516543,0.05,0.08,,,,,,,,,,,,,,,,,1,0,0,1,1,0,0,0,0,0,0,0,0,0,0,0,0,0,0,0,0,0,0,,,2024-12-31,0.9982916755278018,1
healthy,0,Amazon,AMAZON COM INC,0001018724,0001018724-25-000004,10-K,2024-12-31,2024-12-31,2024.0,healthy/Amazon/0001018724-25-000004.txt,SGML_Primary_SEQ1;InlineXBRL;DerivedL_AminusE,C,0.459,False,30,624894000000.0,338924000000.0,285970000000.0,272311000000.0,59248000000.0,68593000000.0,82312000000.0,22423000000.0,104735000000.0,624894000000.0,213063000000.0,0.0,0.16760442571060052,0.45762961398253144,0.05,0.08,,,,,,,,,,,,,,,,,1,0,0,1,0,0,0,0,0,0,0,0,0,0,0,1,0,0,0,0,0,0,0,,,2024-12-31,5.3103010950722455e-05,0
healthy,0,Meta,"Meta Platforms, Inc.",0001326801,0001326801-25-000017,10-K,2024-12-31,2024-12-31,2024.0,healthy/Meta/0001326801-25-000017.txt,SGML_Primary_SEQ1;InlineXBRL,D,0.9,True,30,276054000000.0,93417000000.0,182637000000.0,164501000000.0,62360000000.0,69380000000.0,45438000000.0,33926000000.0,79364000000.0,276054000000.0,102141000000.0,0.0,0.2874944757185188,0.6615988176226391,0.05,0.08,,,,,,,,,,,,,,,,,1,0,0,1,0,0,0,0,0,0,0,0,0,0,0,0,0,0,0,0,0,0,0,,,2024-12-31,9.692236704854759e-06,0
risky,1,Pinterest,"PINTEREST, INC.",0001506293,0001506293-25-000022,10-K,2024-12-31,2024-12-31,2024.0,risky/Pinterest/0001506293-25-000022.txt,SGML_Primary_SEQ1;InlineXBRL;HProxyIsCashOnly,D,0.9,True,30,5342660000.0,591506000.0,5039439000.0,3646166000.0,1862106000.0,179817000.0,1141221000.0,,1141221000.0,5342660000.0,1784060000.0,-288285000.0,0.21360539506537943,0.943245312260185,0.05,0.08,,,,,,,,,,,,,,,,,1,0,0,1,1,0,0,0,0,0,0,0,0,0,0,0,0,0,0,0,0,0,0,,,2024-12-31,0.9999822020541752,1
risky,1,Paypal,"PayPal Holdings, Inc.",0001633917,0001633917-25-000019,10-K,2024-12-31,2024-12-31,2024.0,risky/Paypal/0001633917-25-000019.txt,SGML_Primary_SEQ1;InlineXBRL,D,0.9,True,30,81611000000.0,61194000000.0,27347000000.0,31797000000.0,4147000000.0,5325000000.0,22390000000.0,4262000000.0,26652000000.0,81611000000.0,27650000000.0,-6930000000.0,0.32657362365367415,0.33508963252502727,0.05,0.08,,,,,,,,,,,,,,,,,1,0,0,1,0,0,0,0,0,0,0,0,0,0,0,0,0,0,0,0,0,0,0,,,2024-12-31,0.994685701315987,1
healthy,0,Nvidia,NVIDIA CORP,0001045810,0001045810-25-000023,10-K,2025-01-26,2025-01-26,2025.0,healthy/Nvidia/0001045810-25-000023.txt,SGML_Primary_SEQ1;InlineXBRL,D,0.9,True,30,111601000000.0,32274000000.0,79327000000.0,130497000000.0,72880000000.0,81453000000.0,8589000000.0,34621000000.0,43210000000.0,111601000000.0,57617000000.0,0.0,0.3871829105473965,0.7108090429297228,0.05,0.08,,,,,,,,,,,,,,,,,1,0,0,1,0,0,0,0,0,0,0,0,0,0,0,0,0,0,0,0,0,0,0,,,2025-01-26,2.255023249728064e-08,0
risky,1,DocuSign,"DOCUSIGN, INC.",0001261333,0001261333-25-000024,10-K,2025-01-31,2025-01-31,2025.0,risky/DocuSign/0001261333-25-000024.txt,SGML_Primary_SEQ1;InlineXBRL;HProxyIsCashOnly;SANITY_FAIL_BS_MISMATCH;SALVAGE_DerivedE_AminusL,C,0.324,False,30,4012705000.0,2010013000.0,2002692000.0,2901309000.0,1067885000.0,199928000.0,659554000.0,,659554000.0,4012705000.0,1833424000.0,0.0,0.1643664311231451,0.4990877724627153,0.05,0.08,,,,,,,,,,,,,,,,,1,0,0,1,1,1,1,0,0,0,0,0,0,0,0,0,0,0,0,0,0,0,0,,,2025-01-31,0.9999957926589995,1
risky,1,MongoDB,"MongoDB, Inc.",0001441816,0001441816-25-000057,10-K,2025-01-31,2025-01-31,2025.0,risky/MongoDB/0001441816-25-000057.txt,SGML_Primary_SEQ1;InlineXBRL;SANITY_FAIL_BS_MISMATCH;SALVAGE_DerivedE_AminusL,C,0.324,False,30,3430293000.0,648069000.0,2782224000.0,1943864000.0,129072000.0,216064000.0,492753000.0,969692000.0,1462445000.0,3430293000.0,1814792000.0,0.0,0.4263323861839207,0.8110747390966311,0.05,0.08,,,,,,,,,,,,,,,,,1,0,0,1,0,1,1,0,0,0,0,0,0,0,0,0,0,0,0,0,0,0,0,,,2025-01-31,0.9992287147868493,1
healthy,0,Salesforce,"Salesforce, Inc.",0001108524,0001108524-25-000006,10-K,2025-01-31,2025-01-31,2025.0,healthy/Salesforce/0001108524-25-000006.txt,SGML_Primary_SEQ1;InlineXBRL;HProxyIsCashOnly,D,0.9,True,30,102928000000.0,41755000000.0,64576000000.0,35679000000.0,6197000000.0,7205000000.0,8848000000.0,,8848000000.0,102928000000.0,29482000000.0,-3403000000.0,0.08596300326441784,0.6273900202083009,0.05,0.08,,,,,,,,,,,,,,,,,1,0,0,1,1,0,0,0,0,0,0,0,0,0,0,0,0,0,0,0,0,0,0,,,2025-01-31,1.2528702773720308e-07,0
healthy,0,Oracle,ORACLE CORP,0001341439,0000950170-25-087926,10-K,2025-05-31,2025-05-31,2025.0,healthy/Oracle/0000950170-25-087926.txt,SGML_Primary_SEQ1;InlineXBRL;DerivedL_SumCurrentNoncurrent;HProxyIsCashOnly,C,0.459,False,30,168361000000.0,147392000000.0,37107000000.0,32075000000.0,12443000000.0,17678000000.0,10786000000.0,,10786000000.0,168361000000.0,19632000000.0,-16138000000.0,0.06406471807603899,0.22040139937396427,0.05,0.08,,,,,,,,,,,,,,,,,1,0,0,1,1,0,0,0,0,0,0,0,0,0,0,0,0,0,0,0,1,0,0,,,2025-05-31,7.540279775519363e-08,0
risky,1,Peloton,"PELOTON INTERACTIVE, INC.",0001639825,0001639825-25-000138,10-K,2025-06-30,2025-06-30,2025.0,risky/Peloton/0001639825-25-000138.txt,SGML_Primary_SEQ1;InlineXBRL;HProxyIsCashOnly;SANITY_FAIL_BS_MISMATCH;SALVAGE_DerivedE_AminusL,C,0.324,False,30,2125300000.0000002,2539100000.0,-413799999.99999976,817100000.0,118900000.0,36200000.0,1085800000.0,,1085800000.0,2125300000.0000002,698200000.0,0.0,0.510892579871077,-0.1947019244341974,0.05,0.08,,,,,,,,,,,,,,,,,1,0,0,1,1,1,1,0,0,0,0,0,0,0,0,0,0,0,0,0,0,0,0,,,2025-06-30,0.9995045967894832,1
healthy,0,KLA Corp,KLA CORP,0000319201,0000319201-25-000024,10-K,2025-06-30,2025-06-30,2025.0,healthy/KLA Corp/0000319201-25-000024.txt,SGML_Primary_SEQ1;InlineXBRL;HProxyIsCashOnly,D,0.9,True,30,16067926000.0,11375473000.0,4692453000.0,9472854000.0,4061643000.0,4644448000.0,2078908000.0,,2078908000.0,16067926000.0,5411211000.0,0.0,0.12938247288417934,0.29203849955495187,0.05,0.08,,,,,,,,,,,,,,,,,1,0,0,1,1,0,0,0,0,0,0,0,0,0,0,0,0,0,0,0,0,0,0,,,2025-06-30,0.00026828920548730133,0
healthy,0,Cisco,"CISCO SYSTEMS, INC.",0000858877,0000858877-25-000111,10-K,2025-07-26,2025-07-26,2025.0,healthy/Cisco/0000858877-25-000111.txt,SGML_Primary_SEQ1;InlineXBRL,D,0.9,True,30,122291000000.0,75448000000.0,47747000000.0,41608000000.0,10180000000.0,11760000000.0,8910000000.0,7764000000.0,16674000000.0,122291000000.0,31428000000.0,-904000000.0,0.13634691023869294,0.3904375628623529,0.05,0.08,,,,,,,,,,,,,,,,,1,0,0,1,0,0,0,0,0,0,0,0,0,0,0,0,0,0,0,0,0,0,0,,,2025-07-26,7.338497388688783e-08,0
healthy,0,Micron Technology,MICRON TECHNOLOGY INC,0000723125,0000723125-25-000028,10-K,2025-08-28,2025-08-28,2025.0,healthy/Micron Technology/0000723125-25-000028.txt,SGML_Primary_SEQ1;InlineXBRL;HProxyIsCashOnly,D,0.9,True,30,82798000000.0,28633000000.0,54165000000.0,37378000000.0,8539000000.0,9770000000.0,9646000000.0,,9646000000.0,82798000000.0,28839000000.0,0.0,0.1165003985603517,0.6541824681755598,0.05,0.08,,,,,,,,,,,,,,,,,1,0,0,1,1,0,0,0,0,0,0,0,0,0,0,0,0,0,0,0,0,0,0,,,2025-08-28,1.8735752427030573e-07,0
healthy,0,Adobe,ADOBE INC.,0000796343,0000796343-25-000107,10-Q,2025-08-29,2025-08-29,2025.0,healthy/Adobe/0000796343-25-000107.txt,SGML_Primary_SEQ1;InlineXBRL;SANITY_FAIL_BS_MISMATCH;SALVAGE_DerivedE_AminusL,C,0.324,False,30,28754000000.0,16984000000.0,11770000000.0,5791000000.0,1772000000.0,2173000000.0,4982000000.0,958000000.0,5940000000.0,28754000000.0,4019000000.0,0.0,0.20657995409334354,0.4093343534812548,0.05,0.08,,,,,,,,,,,,,,,,,1,0,0,1,0,1,1,0,0,0,0,0,0,0,0,0,0,0,0,0,0,0,0,,,2025-08-29,0.48804818605452294,0
healthy,0,Apple,Apple Inc.,0000320193,0000320193-25-000079,10-K,2025-09-27,2025-09-27,2025.0,healthy/Apple/0000320193-25-000079.txt,SGML_Primary_SEQ1;InlineXBRL,D,0.9,True,30,359241000000.0,285508000000.0,93568000000.0,307003000000.0,112010000000.0,133050000000.0,35934000000.0,18763000000.0,54697000000.0,359241000000.0,194993000000.0,-19835000000.0,0.15225711987217494,0.26046024813426083,0.05,0.08,,,,,,,,,,,,,,,,,1,0,0,1,0,0,0,0,0,0,0,0,0,0,0,0,0,0,0,0,0,0,0,,,2025-09-27,7.50049890613763e-05,0
healthy,0,QualComm,QUALCOMM INC/DE,0000804328,0000804328-25-000085,10-K,2025-09-28,2025-09-28,2025.0,healthy/QualComm/0000804328-25-000085.txt,SGML_Primary_SEQ1;InlineXBRL,D,0.9,True,30,50143000000.0,28937000000.0,21206000000.0,44284000000.0,5541000000.0,12355000000.0,5520000000.0,4635000000.0,10155000000.0,50143000000.0,38743000000.0,0.0,0.2025207905390583,0.4229104760385298,0.05,0.08,,,,,,,,,,,,,,,,,1,0,0,1,0,0,0,0,0,0,0,0,0,0,0,0,0,0,0,0,0,0,0,,,2025-09-28,4.39209162268015e-06,0
healthy,0,Meta,"Meta Platforms, Inc.",0001326801,0001628280-25-047240,10-Q,2025-09-30,2025-09-30,2025.0,healthy/Meta/0001628280-25-047240.txt,SGML_Primary_SEQ1;InlineXBRL,D,0.9,True,30,303844000000.0,109778000000.0,194066000000.0,51242000000.0,2709000000.0,20535000000.0,11941000000.0,34261000000.0,46202000000.0,303844000000.0,48533000000.0,0.0,0.15205829307144456,0.6387027553613038,0.05,0.08,,,,,,,,,,,,,,,,,1,0,0,1,0,0,0,0,0,0,0,0,0,0,0,0,0,0,0,0,0,0,0,,,2025-09-30,4.238377769227596e-08,0
risky,1,Zillow,"ZILLOW GROUP, INC.",0001617640,0001617640-25-000150,10-Q,2025-09-30,2025-09-30,2025.0,risky/Zillow/0001617640-25-000150.txt,SGML_Primary_SEQ1;InlineXBRL;HProxyIsCashOnly;SANITY_FAIL_BS_MISMATCH;SALVAGE_DerivedE_AminusL,C,0.324,False,30,5698000000.0,706000000.0,4992000000.0,435000000.0,10000000.0,3000000.0,8212000000.0,,8212000000.0,5698000000.0,425000000.0,0.0,1.4412074412074412,0.8760968760968761,0.05,0.08,,,,,,,,,,,,,,,,,1,0,0,1,1,1,1,0,0,0,0,0,0,0,0,0,0,0,0,0,0,0,0,,,2025-09-30,0.9999668137258432,1
healthy,0,IBM,INTERNATIONAL BUSINESS MACHINES CORP,0000051143,0000051143-25-000064,10-Q,2025-09-30,2025-09-30,2025.0,healthy/IBM/0000051143-25-000064.txt,SGML_Primary_SEQ1;InlineXBRL;HProxyIsCashOnly;SANITY_FAIL_BS_MISMATCH;SALVAGE_DerivedE_AminusL,C,0.324,False,30,146312000000.0,118322000000.0,27990000000.0,7724000000.0,1744000000.0,2430000000.0,11600000000.0,,11600000000.0,146312000000.0,5980000000.0,0.0,0.07928262890261906,0.19130351577450927,0.05,0.08,,,,,,,,,,,,,,,,,1,0,0,1,1,1,1,0,0,0,0,0,0,0,0,0,0,0,0,0,0,0,0,,,2025-09-30,3.4640826643491e-05,0
risky,1,Pinterest,"PINTEREST, INC.",0001506293,0001506293-25-000229,10-Q,2025-09-30,2025-09-30,2025.0,risky/Pinterest/0001506293-25-000229.txt,SGML_Primary_SEQ1;InlineXBRL;HProxyIsCashOnly,D,0.9,True,30,5515410000.0,690442000.0,4969510000.0,1049205000.0,92108000.0,58516000.0,1137200000.0,,1137200000.0,5515410000.0,957097000.0,-144542000.0,0.2061859408457395,0.9010227707459645,0.05,0.08,,,,,,,,,,,,,,,,,1,0,0,1,1,0,0,0,0,0,0,0,0,0,0,0,0,0,0,0,0,0,0,,,2025-09-30,0.9999431360473078,1
healthy,0,Texas Instruments,TEXAS INSTRUMENTS INC,0000097476,0000097476-25-000060,10-Q,2025-09-30,2025-09-30,2025.0,healthy/Texas Instruments/0000097476-25-000060.txt,SGML_Primary_SEQ1;InlineXBRL;SANITY_FAIL_BS_MISMATCH;SALVAGE_DerivedE_AminusL,C,0.324,False,30,35004000000.0,18377000000.0,16627000000.0,4742000000.0,1364000000.0,1663000000.0,3311000000.0,8212000000.0,11523000000.0,35004000000.0,3378000000.0,0.0,0.32919094960575934,0.47500285681636384,0.05,0.08,,,,,,,,,,,,,,,,,1,0,0,1,0,1,1,0,0,0,0,0,0,0,0,0,0,0,0,0,0,0,0,,,2025-09-30,0.9993880134894565,1
risky,1,Block,"Block, Inc.",0001512673,0001628280-25-050234,10-Q,2025-09-30,2025-09-30,2025.0,risky/Block/0001628280-25-050234.txt,SGML_Primary_SEQ1;InlineXBRL;HProxyIsCashOnly,D,0.9,True,30,39182823000.0,16709615000.0,22507398000.0,1873477000.0,461544000.0,409440000.0,13945026000.0,,13945026000.0,39182823000.0,1411933000.0,-34190000.0,0.35589640899533964,0.5744200207320437,0.05,0.08,,,,,,,,,,,,,,,,,1,0,0,1,1,0,0,0,0,0,0,0,0,0,0,0,0,0,0,0,0,0,0,,,2025-09-30,0.9994273995888526,1
risky,1,Twilio,TWILIO INC,0001447669,0001447669-25-000151,10-Q,2025-09-30,2025-09-30,2025.0,risky/Twilio/0001447669-25-000151.txt,SGML_Primary_SEQ1;InlineXBRL;HProxyIsCashOnly;SANITY_FAIL_BS_MISMATCH;SALVAGE_DerivedE_AminusL,C,0.324,False,30,9712319000.0,1817030000.0,7895289000.0,1300402000.0,37248000.0,40948000.0,734843000.0,,734843000.0,9712319000.0,1263154000.0,0.0,0.07566092093968495,0.8129149176422232,0.05,0.08,,,,,,,,,,,,,,,,,1,0,0,1,1,1,1,0,0,0,0,0,0,0,0,0,0,0,0,0,0,0,0,,,2025-09-30,0.9642966239033555,1
risky,1,Cloudflare,"Cloudflare, Inc.",0001477333,0001477333-25-000141,10-Q,2025-09-30,2025-09-30,2025.0,risky/Cloudflare/0001477333-25-000141.txt,SGML_Primary_SEQ1;InlineXBRL;HProxyIsCashOnly;SANITY_FAIL_BS_MISMATCH;SALVAGE_DerivedE_AminusL,C,0.324,False,30,5786395000.0,4439379000.0,1347016000.0,562027000.0,1290000.0,37460000.0,1059492000.0,,1059492000.0,5786395000.0,560737000.0,0.0,0.18310053150536734,0.23279019147500302,0.05,0.08,,,,,,,,,,,,,,,,,1,0,0,1,1,1,1,0,0,0,0,0,0,0,0,0,0,0,0,0,0,0,0,,,2025-09-30,0.9991758317171632,1
risky,1,Datadog,"Datadog, Inc.",0001561550,0001561550-25-000313,10-Q,2025-09-30,2025-09-30,2025.0,risky/Datadog/0001561550-25-000313.txt,SGML_Primary_SEQ1;InlineXBRL;HProxyIsCashOnly,D,0.9,True,30,6052470000.0,2613352000.0,3439118000.0,885651000.0,33885000.0,5809000.0,540602000.0,,540602000.0,6052470000.0,851766000.0,0.0,0.089319236609186,0.5682172732785128,0.05,0.08,,,,,,,,,,,,,,,,,1,0,0,1,1,0,0,0,0,0,0,0,0,0,0,0,0,0,0,0,0,0,0,,,2025-09-30,0.9988306246723093,1
healthy,0,Microsoft,MICROSOFT CORP,0000789019,0001193125-25-256321,10-Q,2025-09-30,2025-09-30,2025.0,healthy/Microsoft/0001193125-25-256321.txt,SGML_Primary_SEQ1;InlineXBRL,D,0.9,True,30,636351000000.0,273275000000.0,363076000000.0,15922000000.0,27747000000.0,37961000000.0,28849000000.0,73163000000.0,102012000000.0,636351000000.0,-11825000000.0,0.0,0.16030775468255726,0.5705593296781178,0.05,0.08,,,,,,,,,,,,,,,,,1,0,0,1,0,0,0,0,0,0,0,0,0,0,0,0,0,0,0,0,0,0,0,,,2025-09-30,1.2656142738243443e-05,0
healthy,0,Amazon,AMAZON COM INC,0001018724,0001018724-25-000123,10-Q,2025-09-30,2025-09-30,2025.0,healthy/Amazon/0001018724-25-000123.txt,SGML_Primary_SEQ1;InlineXBRL;DerivedL_AminusE,C,0.459,False,30,727921000000.0,358290000000.0,369631000000.0,74058000000.0,21187000000.0,17422000000.0,70464000000.0,27275000000.0,97739000000.0,727921000000.0,52871000000.0,0.0,0.134271438796243,0.5077899936943707,0.05,0.08,,,,,,,,,,,,,,,,,1,0,0,1,0,0,0,0,0,0,0,0,0,0,0,1,0,0,0,0,0,0,0,,,2025-09-30,6.884965232409971e-06,0
risky,1,Paypal,"PayPal Holdings, Inc.",0001633917,0001633917-25-000196,10-Q,2025-09-30,2025-09-30,2025.0,risky/Paypal/0001633917-25-000196.txt,SGML_Primary_SEQ1;InlineXBRL;SANITY_FAIL_BS_MISMATCH;SALVAGE_DerivedE_AminusL,C,0.324,False,30,79801000000.0,59603000000.0,20198000000.0,8417000000.0,1248000000.0,1520000000.0,23853000000.0,1760000000.0,25613000000.0,79801000000.0,7169000000.0,0.0,0.3209608902144083,0.25310459768674576,0.05,0.08,,,,,,,,,,,,,,,,,1,0,0,1,0,1,1,0,0,0,0,0,0,0,0,0,0,0,0,0,0,0,0,,,2025-09-30,0.9998811975168134,1
risky,1,Roku,"ROKU, INC",0001428439,0001628280-25-047808,10-Q,2025-09-30,2025-09-30,2025.0,risky/Roku/0001628280-25-047808.txt,SGML_Primary_SEQ1;InlineXBRL;SANITY_FAIL_BS_MISMATCH;SALVAGE_DerivedE_AminusL,C,0.324,False,30,4397285000.0,1772199000.0,2625086000.0,1064644000.0,24812000.0,9466000.0,1575491000.0,726875000.0,2302366000.0,4397285000.0,1039832000.0,0.0,0.523588077643364,0.5969788176113215,0.05,0.08,,,,,,,,,,,,,,,,,1,0,0,1,0,1,1,0,0,0,0,0,0,0,0,0,0,0,0,0,0,0,0,,,2025-09-30,0.9995856054135062,1
risky,1,Uber,"Uber Technologies, Inc",0001543151,0001543151-25-000033,10-Q,2025-09-30,2025-09-30,2025.0,risky/Uber/0001543151-25-000033.txt,SGML_Primary_SEQ1;InlineXBRL;SANITY_FAIL_BS_MISMATCH;SALVAGE_DerivedE_AminusL,C,0.324,False,30,63344000000.0,34189000000.0,29155000000.0,13467000000.0,6626000000.0,1113000000.0,11483000000.0,654000000.0,12137000000.0,63344000000.0,6841000000.0,0.0,0.1916045718615812,0.46026458701692347,0.05,0.08,,,,,,,,,,,,,,,,,1,0,0,1,0,1,1,0,0,0,0,0,0,0,0,0,0,0,0,0,0,0,0,,,2025-09-30,0.1047427133740617,0
risky,1,Zoom,"Zoom Communications, Inc.",0001585521,0001585521-25-000202,10-Q,2025-10-31,2025-10-31,2025.0,risky/Zoom/0001585521-25-000202.txt,SGML_Primary_SEQ1;InlineXBRL;HProxyIsCashOnly,D,0.9,True,30,11390811000.0,2103971000.0,9286840000.0,1229835000.0,612873000.0,310414000.0,1227588000.0,,1227588000.0,11390811000.0,616962000.0,0.0,0.1077700262079671,0.8152922561879045,0.05,0.08,,,,,,,,,,,,,,,,,1,0,0,1,1,0,0,0,0,0,0,0,0,0,0,0,0,0,0,0,0,0,0,,,2025-10-31,0.9992805834506066,1
